,year,state,state_po,margin,num_ballots,procedural_cost
0,2000,NEW YORK,NY,0.1210633504902967,58,30.45
1,2004,NEW YORK,NY,0.3731174687673625,19,9.98
2,2006,NEW YORK,NY,0.3206005064850854,22,11.55
3,2010,NEW YORK,NY,0.3640805567036581,20,10.5
4,2012,NEW YORK,NY,0.4127362003465686,17,8.92
5,2016,NEW YORK,NY,0.3984775774046643,18,9.45
6,2018,NEW YORK,NY,0.3344342692692552,21,11.02
7,2022,NEW YORK,NY,0.14,50,26.25
8,2024,NEW YORK,NY,0.1690000000000001,42,22.05
