,year,state,state_po,margin,num_ballots,procedural_cost
0,2000,CALIFORNIA,CA,0.2102286718410543,34,23.8
1,2004,CALIFORNIA,CA,0.217063300947998,33,23.1
2,2006,CALIFORNIA,CA,0.2598283949987098,27,18.9
3,2010,CALIFORNIA,CA,0.1176298179229132,60,42.0
4,2012,CALIFORNIA,CA,0.2504856894428919,28,19.6
5,2016,CALIFORNIA,CA,0.6160281178716075,12,8.4
6,2018,CALIFORNIA,CA,0.541638157447196,13,9.1
7,2022,CALIFORNIA,CA,0.2213,32,22.4
8,2024,CALIFORNIA,CA,0.17799999999999994,40,28.0
