,year,state,state_po,margin,num_ballots,procedural_cost
0,2000,MONTANA,MT,0.0331680438094173,212,148.4
1,2002,MONTANA,MT,0.3419581854429973,21,14.7
2,2006,MONTANA,MT,0.0342898611333194,205,143.5
3,2008,MONTANA,MT,0.4583195508083189,16,11.2
4,2012,MONTANA,MT,0.1027926248698736,69,48.3
5,2014,MONTANA,MT,0.1557272879678551,45,31.5
6,2018,MONTANA,MT,0.0643517637355665,109,76.3
7,2020,MONTANA,MT,0.1002432149951208,70,49.0
8,2024,MONTANA,MT,0.07100000000000001,99,69.3
