,year,state,state_po,margin,num_ballots,procedural_cost
0,2002,KANSAS,KS,0.7341829181952758,10,5.25
1,2004,KANSAS,KS,0.3974094393200486,18,9.45
2,2008,KANSAS,KS,0.2147494404017544,33,17.32
3,2010,KANSAS,KS,0.4157637890776084,17,8.92
4,2014,KANSAS,KS,0.4882075662296191,15,7.87
5,2016,KANSAS,KS,0.2435441395949816,29,15.22
6,2020,KANSAS,KS,0.0644625682231101,109,57.22
7,2022,KANSAS,KS,0.2296,31,16.27
