,year,state,state_po,margin,num_ballots,procedural_cost
0,2002,COLORADO,CO,0.0345933356966615,203,142.1
1,2004,COLORADO,CO,0.0525178982211863,134,93.8
2,2008,COLORADO,CO,0.1030351845347077,68,47.6
3,2010,COLORADO,CO,0.0290291747494479,242,169.4
4,2014,COLORADO,CO,0.0064613548463591,1084,758.8
5,2016,COLORADO,CO,0.0928424588492331,76,53.2
6,2020,COLORADO,CO,0.1106017386789624,64,44.8
7,2022,COLORADO,CO,0.1462,48,33.6
