,year,state,state_po,margin,num_ballots,procedural_cost
0,2000,CONNECTICUT,CT,0.2971170499236993,24,12.6
1,2004,CONNECTICUT,CT,0.3486888005132215,21,11.02
2,2006,CONNECTICUT,CT,0.3010688443632537,24,12.6
3,2010,CONNECTICUT,CT,0.0926733239963056,76,39.9
4,2012,CONNECTICUT,CT,0.1411986262406037,50,26.25
5,2016,CONNECTICUT,CT,0.2420226827942035,29,15.22
6,2018,CONNECTICUT,CT,0.1808471056502552,39,20.47
7,2022,CONNECTICUT,CT,0.1492,47,24.67
8,2024,CONNECTICUT,CT,0.18899999999999995,38,19.95
