,year,state,state_po,margin,num_ballots,procedural_cost
0,2000,INDIANA,IN,0.3312866019115154,22,11.55
1,2004,INDIANA,IN,0.2554973101839898,28,14.7
2,2006,INDIANA,IN,0.7476882972401241,10,5.25
3,2010,INDIANA,IN,0.0917241288383192,77,40.42
4,2012,INDIANA,IN,0.1143868486489991,62,32.55
5,2016,INDIANA,IN,0.0422913283070074,166,87.15
6,2018,INDIANA,IN,0.0146786619439096,477,250.42
7,2022,INDIANA,IN,0.2075,34,17.85
8,2024,INDIANA,IN,0.20000000000000007,35,18.38
