,year,state,state_po,margin,num_ballots,procedural_cost
0,2000,WISCONSIN,WI,0.2534728195889662,28,14.7
1,2004,WISCONSIN,WI,0.1152239364581931,61,32.02
2,2006,WISCONSIN,WI,0.378298711544748,19,9.98
3,2010,WISCONSIN,WI,0.0483763184885215,145,76.12
4,2012,WISCONSIN,WI,0.0761670639204814,92,48.3
5,2016,WISCONSIN,WI,0.0039355779296994,1779,933.97
6,2018,WISCONSIN,WI,0.1083695375306498,65,34.12
7,2022,WISCONSIN,WI,0.0101,694,364.35
8,2024,WISCONSIN,WI,0.009000000000000008,778,408.45
