,year,state,state_po,margin,num_ballots,procedural_cost
0,2000,NEW MEXICO,NM,0.2344714228040832,30,15.75
1,2002,NEW MEXICO,NM,0.3008553873670961,24,12.60
2,2006,NEW MEXICO,NM,0.4127455017455912,17,8.92
3,2008,NEW MEXICO,NM,0.2265598251684575,31,16.27
4,2012,NEW MEXICO,NM,0.0573052347726777,123,64.58
5,2014,NEW MEXICO,NM,0.1111762035747401,63,33.07
6,2018,NEW MEXICO,NM,0.3893562808100864,18,9.45
7,2020,NEW MEXICO,NM,0.0875139140701913,80,42.00
8,2024,NEW MEXICO,NM,0.10200000000000004,69,36.22
