,year,state,state_po,margin,num_ballots,procedural_cost
0,2002,OKLAHOMA,OK,0.2099223898886907,34,17.85
1,2004,OKLAHOMA,OK,0.1152043824982064,61,32.02
2,2008,OKLAHOMA,OK,0.1749596642162013,41,21.52
3,2010,OKLAHOMA,OK,0.445035201263136,16,8.4
4,2014,OKLAHOMA,OK,0.3901168244222733,18,9.45
5,2016,OKLAHOMA,OK,0.4016167983497773,18,9.45
6,2020,OKLAHOMA,OK,0.2794608705820821,26,13.65
7,2022,OKLAHOMA,OK,0.322,22,11.55
