,year,state,state_po,margin,num_ballots,procedural_cost
0,2000,TENNESSEE,TN,0.3288850588479908,22,11.55
1,2002,TENNESSEE,TN,0.099405028640455,71,37.28
2,2006,TENNESSEE,TN,0.0272319006159694,258,135.45
3,2008,TENNESSEE,TN,0.335002072519627,21,11.02
4,2012,TENNESSEE,TN,0.344849852055394,21,11.02
5,2014,TENNESSEE,TN,0.3000141914683803,24,12.6
6,2018,TENNESSEE,TN,0.1078703414834161,65,34.12
7,2020,TENNESSEE,TN,0.2703714928333741,26,13.65
8,2024,TENNESSEE,TN,0.296,24,12.6
