,year,state,state_po,margin,num_ballots,procedural_cost
0,2000,TEXAS,TX,0.3160951466855904,23,12.08
1,2002,TEXAS,TX,0.1118621306279203,63,33.07
2,2006,TEXAS,TX,0.2338340213360812,30,15.75
3,2008,TEXAS,TX,0.0964175642925528,73,38.32
4,2012,TEXAS,TX,0.1376834720480641,51,26.78
5,2014,TEXAS,TX,0.2431811405231697,29,15.22
6,2018,TEXAS,TX,0.0178520256747321,393,206.32
7,2020,TEXAS,TX,0.0775748292360759,91,47.78
8,2024,TEXAS,TX,0.08500000000000002,83,43.58
