,year,state,state_po,margin,num_ballots,procedural_cost
0,2002,SOUTH CAROLINA,SC,0.0961119291475656,73,38.32
1,2004,SOUTH CAROLINA,SC,0.0889701550380316,79,41.47
2,2008,SOUTH CAROLINA,SC,0.1527777406701075,46,24.15
3,2010,SOUTH CAROLINA,SC,0.3383189489791431,21,11.02
4,2014,SOUTH CAROLINA,SC,0.2127234239864524,33,17.32
5,2016,SOUTH CAROLINA,SC,0.2498857257427583,29,15.22
6,2020,SOUTH CAROLINA,SC,0.1027031088972861,69,36.22
7,2022,SOUTH CAROLINA,SC,0.2587,28,14.7
