,year,state,state_po,margin,num_ballots,procedural_cost
0,2002,KANSAS,KS,0.7341829181952758,10,7.0
1,2004,KANSAS,KS,0.3974094393200486,18,12.6
2,2008,KANSAS,KS,0.2147494404017544,33,23.1
3,2010,KANSAS,KS,0.4157637890776084,17,11.9
4,2014,KANSAS,KS,0.4882075662296191,15,10.5
5,2016,KANSAS,KS,0.2435441395949816,29,20.3
6,2020,KANSAS,KS,0.0644625682231101,109,76.3
7,2022,KANSAS,KS,0.2296,31,21.7
