,year,state,state_po,margin,num_ballots,procedural_cost
0,2002,ARKANSAS,AR,0.0779124037302843,90,47.25
1,2004,ARKANSAS,AR,0.1182826942634283,60,31.5
2,2008,ARKANSAS,AR,0.7953296947677004,9,4.72
3,2010,ARKANSAS,AR,0.2095782203377878,34,17.85
4,2014,ARKANSAS,AR,0.1503648946023917,47,24.67
5,2016,ARKANSAS,AR,0.1963988074277531,36,18.9
6,2020,ARKANSAS,AR,0.3305907089899025,22,11.55
7,2022,ARKANSAS,AR,0.3464,21,11.02
