,year,state,state_po,margin,num_ballots,procedural_cost
0,2000,MISSISSIPPI,MS,0.3343549827791547,21,11.02
1,2002,MISSISSIPPI,MS,0.8457941775906233,9,4.72
2,2006,MISSISSIPPI,MS,0.2715195581752796,26,13.65
3,2008,MISSISSIPPI,MS,0.2287009252413341,31,16.27
4,2012,MISSISSIPPI,MS,0.166047288589912,43,22.58
5,2014,MISSISSIPPI,MS,0.2200526067565814,32,16.80
6,2018,MISSISSIPPI,MS,0.1215735701735178,58,30.45
7,2020,MISSISSIPPI,MS,0.0821044508195345,86,45.15
8,2024,MISSISSIPPI,MS,0.25599999999999995,28,14.70
