,year,state,state_po,margin,num_ballots,procedural_cost
0,2000,GEORGIA,GA,0.5850059381316638,12,8.4
1,2002,GEORGIA,GA,0.0546858541329904,129,90.3
2,2004,GEORGIA,GA,0.1575485853533442,45,31.5
3,2008,GEORGIA,GA,0.004855182632309,1442,1009.4
4,2010,GEORGIA,GA,0.1661820450224596,43,30.1
5,2014,GEORGIA,GA,0.0577983920118545,122,85.4
6,2016,GEORGIA,GA,0.0958855795855183,74,51.8
7,2020,GEORGIA,GA,0.0054402358559622,1287,900.9
8,2022,GEORGIA,GA,0.0281,250,175.0
