,year,state,state_po,margin,num_ballots,procedural_cost
0,2000,FLORIDA,FL,0.0485149480145152,145,76.12
1,2004,FLORIDA,FL,0.0111257307304787,630,330.75
2,2006,FLORIDA,FL,0.2220534995683768,32,16.80
3,2010,FLORIDA,FL,0.2823742502918996,25,13.12
4,2012,FLORIDA,FL,0.1300599539972546,54,28.35
5,2016,FLORIDA,FL,0.0554888183172755,127,66.68
6,2018,FLORIDA,FL,0.001225029777149,5715,3000.38
7,2022,FLORIDA,FL,0.1641,43,22.58
8,2024,FLORIDA,FL,0.12800000000000006,55,28.87
