,year,state,state_po,margin,num_ballots,procedural_cost
0,2002,NORTH CAROLINA,NC,0.0715834591994358,98,51.45
1,2004,NORTH CAROLINA,NC,0.0320211331414407,219,114.98
2,2008,NORTH CAROLINA,NC,0.1159256736353485,61,32.02
3,2010,NORTH CAROLINA,NC,0.0967208116751419,73,38.32
4,2014,NORTH CAROLINA,NC,0.0217790326215552,322,169.05
5,2016,NORTH CAROLINA,NC,0.0212355948978637,330,173.25
6,2020,NORTH CAROLINA,NC,0.0138700759385653,505,265.12
7,2022,NORTH CAROLINA,NC,0.0323,217,113.92
