,year,state,state_po,margin,num_ballots,procedural_cost
0,2000,MASSACHUSETTS,MA,0.681777715680193,11,7.7
1,2002,MASSACHUSETTS,MA,0.8898716885683517,8,5.6
2,2006,MASSACHUSETTS,MA,0.3740052187438024,19,13.3
3,2008,MASSACHUSETTS,MA,0.3672719421075445,20,14.0
4,2012,MASSACHUSETTS,MA,0.0748377298382386,94,65.8
5,2014,MASSACHUSETTS,MA,0.227728418242455,31,21.7
6,2018,MASSACHUSETTS,MA,0.2416473039315279,29,20.3
7,2020,MASSACHUSETTS,MA,0.3225922326514042,22,15.4
8,2024,MASSACHUSETTS,MA,0.19799999999999995,36,25.2
