,year,state,state_po,margin,num_ballots,procedural_cost
0,2002,IDAHO,ID,0.3032378397430877,24,12.6
1,2004,IDAHO,ID,0.9917925434384004,8,4.2
2,2008,IDAHO,ID,0.2200486987809795,32,16.8
3,2010,IDAHO,ID,0.4624741396569751,16,8.4
4,2014,IDAHO,ID,0.3065672392890637,23,12.08
5,2016,IDAHO,ID,0.3840793704331585,19,9.98
6,2020,IDAHO,ID,0.2937590933990209,24,12.6
7,2022,IDAHO,ID,0.3194,22,11.55
