,year,state,state_po,margin,num_ballots,procedural_cost
0,2002,LOUISIANA,LA,0.0169292025520333,414,217.35
1,2004,LOUISIANA,LA,0.216911175851814,33,17.32
2,2008,LOUISIANA,LA,0.073664934771857,96,50.40
3,2010,LOUISIANA,LA,0.17777633727907,40,21.00
4,2014,LOUISIANA,LA,0.0392074439505413,179,93.98
5,2016,LOUISIANA,LA,0.0886257784578348,79,41.47
6,2020,LOUISIANA,LA,0.3975481078596969,18,9.45
7,2022,LOUISIANA,LA,0.4371,17,8.92
