,year,state,state_po,margin,num_ballots,procedural_cost
0,2000,RHODE ISLAND,RI,0.1573132185009441,45,23.62
1,2002,RHODE ISLAND,RI,0.5685297698883127,13,6.82
2,2006,RHODE ISLAND,RI,0.0703727080752117,100,52.5
3,2008,RHODE ISLAND,RI,0.4659626445949518,16,8.4
4,2012,RHODE ISLAND,RI,0.2984583525630755,24,12.6
5,2014,RHODE ISLAND,RI,0.4133538236277919,17,8.92
6,2018,RHODE ISLAND,RI,0.2310783621508846,31,16.27
7,2020,RHODE ISLAND,RI,0.3312393022324192,22,11.55
8,2024,RHODE ISLAND,RI,0.201,35,18.38
