,year,state,state_po,margin,num_ballots,procedural_cost
0,2000,HAWAII,HI,0.4908267100279785,15,10.5
1,2004,HAWAII,HI,0.5579286716889733,13,9.1
2,2006,HAWAII,HI,0.2644016777407669,27,18.9
3,2010,HAWAII,HI,0.5403539827784869,13,9.1
4,2012,HAWAII,HI,0.2481820115793109,29,20.3
5,2014,HAWAII,HI,0.4267263181526792,17,11.9
6,2016,HAWAII,HI,0.5044052058199897,14,9.8
7,2018,HAWAII,HI,0.4230219569410147,17,11.9
8,2022,HAWAII,HI,0.4517,16,11.2
9,2024,HAWAII,HI,0.3269999999999999,22,15.4
