,year,state,state_po,margin,num_ballots,procedural_cost
0,2000,NORTH DAKOTA,ND,0.2274508849234364,31,21.7
1,2004,NORTH DAKOTA,ND,0.3655985271776913,20,14.0
2,2006,NORTH DAKOTA,ND,0.39297829036635,18,12.6
3,2010,NORTH DAKOTA,ND,0.5233803147559677,14,9.8
4,2012,NORTH DAKOTA,ND,0.0091423162195152,766,536.2
5,2016,NORTH DAKOTA,ND,0.5842785860479239,12,8.4
6,2018,NORTH DAKOTA,ND,0.108371302945379,65,45.5
7,2022,NORTH DAKOTA,ND,0.3143,23,16.1
8,2024,NORTH DAKOTA,ND,0.33,22,15.4
