,year,state,state_po,margin,num_ballots,procedural_cost
0,2000,MINNESOTA,MN,0.0581383910858351,121,84.7
1,2002,MINNESOTA,MN,0.0219330304315197,320,224.0
2,2006,MINNESOTA,MN,0.2011992162602394,35,24.5
3,2008,MINNESOTA,MN,0.0049296208745808,1420,994.0
4,2012,MINNESOTA,MN,0.3470099081776318,21,14.7
5,2014,MINNESOTA,MN,0.117415953748824,60,42.0
6,2018,MINNESOTA,MN,0.1811393599778811,39,27.3
7,2020,MINNESOTA,MN,0.0523844398205992,134,93.8
8,2024,MINNESOTA,MN,0.15799999999999992,45,31.5
