,year,state,state_po,margin,num_ballots,procedural_cost
0,2000,CALIFORNIA,CA,0.11798240022498997,60,42.0
1,2004,CALIFORNIA,CA,0.09947861557432593,71,49.7
2,2008,CALIFORNIA,CA,0.24057779514669772,30,21.0
3,2012,CALIFORNIA,CA,0.23118580620984838,31,21.7
4,2016,CALIFORNIA,CA,0.3010929306611844,24,16.8
5,2020,CALIFORNIA,CA,0.29163223268588595,25,17.5
6,2024,CALIFORNIA,CA,0.204,35,24.5
