,year,state,state_po,margin,num_ballots,procedural_cost
0,2000,INDIANA,IN,0.15634778670687335,45,23.62
1,2004,INDIANA,IN,0.20681790371320607,34,17.85
2,2008,INDIANA,IN,0.010320044608357379,679,356.48
3,2012,INDIANA,IN,0.10198229476166054,69,36.22
4,2016,INDIANA,IN,0.19165193761659227,37,19.42
5,2020,INDIANA,IN,0.16059480705992976,44,23.1
6,2024,INDIANA,IN,0.18899999999999997,38,19.95
