,year,state,state_po,margin,num_ballots,procedural_cost
0,2000,MASSACHUSETTS,MA,0.2699322302707717,26,13.65
1,2004,MASSACHUSETTS,MA,0.2502825833360376,28,14.70
2,2008,MASSACHUSETTS,MA,0.2562823981347053,28,14.70
3,2012,MASSACHUSETTS,MA,0.2301918600488161,31,16.27
4,2016,MASSACHUSETTS,MA,0.2676386230581614,27,14.18
5,2020,MASSACHUSETTS,MA,0.33214826114234397,22,11.55
6,2024,MASSACHUSETTS,MA,0.24799999999999997,29,15.22
