,year,state,state_po,margin,num_ballots,procedural_cost
0,2000,MISSOURI,MO,0.03338542611272041,210,147.0
1,2004,MISSOURI,MO,0.07195745422433626,98,68.6
2,2008,MISSOURI,MO,0.0013342654617368697,5247,3672.9
3,2012,MISSOURI,MO,0.09380257590423756,75,52.5
4,2016,MISSOURI,MO,0.18637117002924938,38,26.6
5,2020,MISSOURI,MO,0.1539087404270113,46,32.2
6,2024,MISSOURI,MO,0.184,39,27.3
