,year,state,state_po,margin,num_ballots,procedural_cost
0,2000,NEBRASKA,NE,0.2899232302132367,25,17.5
1,2004,NEBRASKA,NE,0.33216480378726937,22,15.4
2,2008,NEBRASKA,NE,0.14933587592866923,47,32.9
3,2012,NEBRASKA,NE,0.21775877761119064,33,23.1
4,2016,NEBRASKA,NE,0.2504859474999023,28,19.6
5,2020,NEBRASKA,NE,0.19057532390266244,37,25.9
6,2024,NEBRASKA,NE,0.21100000000000002,34,23.8
