,year,state,state_po,margin,num_ballots,procedural_cost
0,2000,MICHIGAN,MI,0.05133584138550706,137,95.9
1,2004,MICHIGAN,MI,0.034186481712463,205,143.5
2,2008,MICHIGAN,MI,0.16473541645506753,43,30.1
3,2012,MICHIGAN,MI,0.09497288183098529,74,51.8
4,2016,MICHIGAN,MI,0.002230332691293118,3139,2197.3
5,2020,MICHIGAN,MI,0.027835275996867477,252,176.4
6,2024,MICHIGAN,MI,0.014000000000000058,500,350.0
