,year,state,state_po,margin,num_ballots,procedural_cost
0,2000,ALABAMA,AL,0.1491725240536959,47,24.67
1,2004,ALABAMA,AL,0.25616287435323604,28,14.7
2,2008,ALABAMA,AL,0.21576478734595697,33,17.32
3,2012,ALABAMA,AL,0.22186789231070347,32,16.8
4,2016,ALABAMA,AL,0.27725146606435425,26,13.65
5,2020,ALABAMA,AL,0.2546165295474247,28,14.7
6,2024,ALABAMA,AL,0.30599999999999994,23,12.08
