,year,state,state_abbr,margin,num_ballots
0,2000,ARKANSAS,AR,0.05442941436197969,129
1,2004,ARKANSAS,AR,0.09758328633246283,72
2,2008,ARKANSAS,AR,0.19851244734805365,36
3,2012,ARKANSAS,AR,0.23687945782389,30
4,2016,ARKANSAS,AR,0.2692097803446736,27
5,2020,ARKANSAS,AR,0.27620667903129353,26
6,2024,ARKANSAS,AR,0.306,23
