,year,state,state_po,margin,num_ballots,procedural_cost
0,2000,GEORGIA,GA,0.11748569995137828,60,31.5
1,2004,GEORGIA,GA,0.16599810713609692,43,22.58
2,2008,GEORGIA,GA,0.05214338896864456,135,70.88
3,2012,GEORGIA,GA,0.07821282510642436,90,47.25
4,2016,GEORGIA,GA,0.051313426974101836,137,71.92
5,2020,GEORGIA,GA,0.0023558188465507726,2972,1560.3
6,2024,GEORGIA,GA,0.02200000000000003,319,167.48
