,year,state,state_abbr,margin,num_ballots
0,2000,OHIO,OH,0.03546045744808909,198
1,2004,OHIO,OH,0.0210733909237597,333
2,2008,OHIO,OH,0.04593691697250519,153
3,2012,OHIO,OH,0.02978306779897298,236
4,2016,OHIO,OH,0.08129574399066167,87
5,2020,OHIO,OH,0.08031961760169612,88
6,2024,OHIO,OH,0.11300000000000004,62
