,year,state,state_abbr,margin,num_ballots,procedural_cost
0,2000,VIRGINIA,VA,0.08038118642193114,88,46.20
1,2004,VIRGINIA,VA,0.08206038965204833,86,45.15
2,2008,VIRGINIA,VA,0.06298969182920344,112,58.80
3,2012,VIRGINIA,VA,0.038733538998295236,181,95.02
4,2016,VIRGINIA,VA,0.053237058194936564,132,69.30
5,2020,VIRGINIA,VA,0.10114013510520288,70,36.75
6,2024,VIRGINIA,VA,0.051999999999999956,135,70.88
