,year,state,state_po,margin,num_ballots,procedural_cost
0,2000,HAWAII,HI,0.18328799215112881,39,20.47
1,2004,HAWAII,HI,0.08744956446541247,81,42.52
2,2008,HAWAII,HI,0.45016708181307885,16,8.4
3,2012,HAWAII,HI,0.4246578476023598,17,8.92
4,2016,HAWAII,HI,0.31541090882503475,23,12.08
5,2020,HAWAII,HI,0.2919466559960261,24,12.6
6,2024,HAWAII,HI,0.231,31,16.27
