,year,state,state_po,margin,num_ballots,procedural_cost
0,2000,LOUISIANA,LA,0.07675730719913731,92,64.4
1,2004,LOUISIANA,LA,0.14506156637877707,49,34.3
2,2008,LOUISIANA,LA,0.18629807508411275,38,26.6
3,2012,LOUISIANA,LA,0.17207112105172098,41,28.7
4,2016,LOUISIANA,LA,0.19639118555054824,36,25.2
5,2020,LOUISIANA,LA,0.18609425612482322,38,26.6
6,2024,LOUISIANA,LA,0.22,32,22.4
