,year,state,state_po,margin,num_ballots,procedural_cost
0,2000,ALASKA,AK,0.3095461549236588,23,16.1
1,2004,ALASKA,AK,0.25548468000435065,28,19.6
2,2008,ALASKA,AK,0.21535145939416978,33,23.1
3,2012,ALASKA,AK,0.1398891828483003,51,35.7
4,2016,ALASKA,AK,0.147306407874253,48,33.6
5,2020,ALASKA,AK,0.10061190999360275,70,49.0
6,2024,ALASKA,AK,0.131,54,37.8
