,year,state,state_abbr,margin,num_ballots
0,2000,WYOMING,WY,0.4092436109785426,18
1,2004,WYOMING,WY,0.39716477829583247,18
2,2008,WYOMING,WY,0.3220428082729184,22
3,2012,WYOMING,WY,0.4055667907188244,18
4,2016,WYOMING,WY,0.4576951017821537,16
5,2020,WYOMING,WY,0.4311192339041231,17
6,2024,WYOMING,WY,0.46199999999999997,16
