,year,state,state_po,margin,num_ballots,procedural_cost
0,2000,ARKANSAS,AR,0.05442941436197969,129,90.3
1,2004,ARKANSAS,AR,0.09758328633246283,72,50.4
2,2008,ARKANSAS,AR,0.19851244734805365,36,25.2
3,2012,ARKANSAS,AR,0.23687945782389,30,21.0
4,2016,ARKANSAS,AR,0.2692097803446736,27,18.9
5,2020,ARKANSAS,AR,0.27620667903129353,26,18.2
6,2024,ARKANSAS,AR,0.306,23,16.1
