,year,state,state_abbr,margin,num_ballots
0,2000,ALASKA,AK,0.3095461549236588,23
1,2004,ALASKA,AK,0.25548468000435065,28
2,2008,ALASKA,AK,0.21535145939416978,33
3,2012,ALASKA,AK,0.1398891828483003,51
4,2016,ALASKA,AK,0.147306407874253,48
5,2020,ALASKA,AK,0.10061190999360275,70
6,2024,ALASKA,AK,0.131,54
