,year,state,state_abbr,margin,num_ballots
0,2000,VERMONT,VT,0.09937548418663442,71
1,2004,VERMONT,VT,0.20136147213176694,35
2,2008,VERMONT,VT,0.3700645447105948,19
3,2012,VERMONT,VT,0.35597915065655383,20
4,2016,VERMONT,VT,0.25963359721905843,27
5,2020,VERMONT,VT,0.3507472342627936,20
6,2024,VERMONT,VT,0.31800000000000006,23
