,year,state,state_abbr,margin,num_ballots
0,2000,COLORADO,CO,0.0835670576236614,84
1,2004,COLORADO,CO,0.046732531003038084,150
2,2008,COLORADO,CO,0.08952714731354428,79
3,2012,COLORADO,CO,0.05365134912567192,131
4,2016,COLORADO,CO,0.049055830114163625,143
5,2020,COLORADO,CO,0.13406941505740888,53
6,2024,COLORADO,CO,0.11,64
