,year,state,state_abbr,margin,num_ballots
0,2000,DISTRICT OF COLUMBIA,DC,0.7620335423539085,10
1,2004,DISTRICT OF COLUMBIA,DC,0.7984410288857838,9
2,2008,DISTRICT OF COLUMBIA,DC,0.8592455229017539,9
3,2012,DISTRICT OF COLUMBIA,DC,0.8363482251058673,9
4,2016,DISTRICT OF COLUMBIA,DC,0.8641350075981764,9
5,2024,DISTRICT OF COLUMBIA,DC,0.8590000000000001,9
