,year,state,state_po,margin,num_ballots,procedural_cost
0,2000,FLORIDA,FL,9.005368004279646e-05,77732,40809.30
1,2004,FLORIDA,FL,0.050064062046227174,140,73.50
2,2008,FLORIDA,FL,0.028179861046886905,249,130.72
3,2012,FLORIDA,FL,0.008768873067231646,799,419.48
4,2016,FLORIDA,FL,0.011986256107856879,585,307.12
5,2020,FLORIDA,FL,0.033583688970617996,209,109.72
6,2024,FLORIDA,FL,0.131,54,28.35
