,year,state,state_po,margin,num_ballots,procedural_cost
0,2000,DELAWARE,DE,0.13061438834423822,54,28.35
1,2004,DELAWARE,DE,0.07594019030357951,93,48.82
2,2008,DELAWARE,DE,0.24995635432528637,29,15.22
3,2012,DELAWARE,DE,0.18628137911039164,38,19.95
4,2016,DELAWARE,DE,0.11430512466314907,62,32.55
5,2020,DELAWARE,DE,0.18968129022536115,37,19.42
6,2024,DELAWARE,DE,0.14700000000000002,48,25.2
