,year,state,state_abbr,margin,num_ballots
0,2000,NEVADA,NV,0.0354382648590641,198
1,2004,NEVADA,NV,0.025916510263540773,271
2,2008,NEVADA,NV,0.1249256081533464,57
3,2012,NEVADA,NV,0.06680933829136936,105
4,2016,NEVADA,NV,0.02417128360516623,290
5,2020,NEVADA,NV,0.02390534632724623,293
6,2024,NEVADA,NV,0.031000000000000014,226
