,year,state,state_po,margin,num_ballots,procedural_cost
0,2000,VIRGINIA,VA,0.08038118642193114,88,61.6
1,2004,VIRGINIA,VA,0.08206038965204833,86,60.2
2,2008,VIRGINIA,VA,0.06298969182920344,112,78.4
3,2012,VIRGINIA,VA,0.038733538998295236,181,126.7
4,2016,VIRGINIA,VA,0.053237058194936564,132,92.4
5,2020,VIRGINIA,VA,0.10114013510520288,70,49.0
6,2024,VIRGINIA,VA,0.051999999999999956,135,94.5
