,year,state,state_abbr,margin,num_ballots,procedural_cost
0,2000,PENNSYLVANIA,PA,0.041700383841406626,168,88.20
1,2004,PENNSYLVANIA,PA,0.02500142991096421,280,147.00
2,2008,PENNSYLVANIA,PA,0.10318475532122943,68,35.70
3,2012,PENNSYLVANIA,PA,0.053959916684662594,130,68.25
4,2016,PENNSYLVANIA,PA,0.007242696391831641,967,507.67
5,2020,PENNSYLVANIA,PA,0.01164883635275664,601,315.52
6,2024,PENNSYLVANIA,PA,0.016999999999999956,412,216.30
