,year,state,state_po,margin,num_ballots,procedural_cost
0,2000,VERMONT,VT,0.09937548418663442,71,37.28
1,2004,VERMONT,VT,0.20136147213176694,35,18.38
2,2008,VERMONT,VT,0.3700645447105948,19,9.98
3,2012,VERMONT,VT,0.35597915065655383,20,10.5
4,2016,VERMONT,VT,0.25963359721905843,27,14.18
5,2020,VERMONT,VT,0.3507472342627936,20,10.5
6,2024,VERMONT,VT,0.31800000000000006,23,12.08
