,year,state,state_po,margin,num_ballots,procedural_cost
0,2000,MAINE,ME,0.0511416547896112,137,95.9
1,2004,MAINE,ME,0.08996398254746528,78,54.6
2,2008,MAINE,ME,0.17321718960067728,41,28.7
3,2012,MAINE,ME,0.15043642153656805,47,32.9
4,2016,MAINE,ME,0.02868536012810082,245,171.5
5,2020,MAINE,ME,0.08974351235354126,79,55.3
6,2024,MAINE,ME,0.06700000000000003,105,73.5
