,year,state,state_po,margin,num_ballots,procedural_cost
0,2000,OKLAHOMA,OK,0.21880947538908907,32,16.80
1,2004,OKLAHOMA,OK,0.3114080332951212,23,12.08
2,2008,OKLAHOMA,OK,0.31290162245387004,23,12.08
3,2012,OKLAHOMA,OK,0.3354463948603312,21,11.02
4,2016,OKLAHOMA,OK,0.3639118453508347,20,10.50
5,2020,OKLAHOMA,OK,0.3308709751207632,22,11.55
6,2024,OKLAHOMA,OK,0.343,21,11.02
