,year,state,state_po,margin,num_ballots,procedural_cost
0,2000,IOWA,IA,0.0030627735543102773,2286,1600.2
1,2004,IOWA,IA,0.006675258210852952,1049,734.3
2,2008,IOWA,IA,0.09534760718563186,74,51.8
3,2012,IOWA,IA,0.0581014802361299,121,84.7
4,2016,IOWA,IA,0.09409547899181134,75,52.5
5,2020,IOWA,IA,0.08152964773282043,86,60.2
6,2024,IOWA,IA,0.13299999999999998,53,37.1
