,year,state,state_po,margin,num_ballots,procedural_cost
0,2000,UTAH,UT,0.4048542076979166,18,9.45
1,2004,UTAH,UT,0.45540306344601034,16,8.4
2,2008,UTAH,UT,0.28178124048426556,25,13.12
3,2012,UTAH,UT,0.4804086727472873,15,7.88
4,2016,UTAH,UT,0.18079547995831408,39,20.47
5,2020,UTAH,UT,0.20483790446613528,35,18.38
6,2024,UTAH,UT,0.21600000000000003,33,17.32
