,year,state,state_abbr,margin,num_ballots,procedural_cost
0,2000,NEW YORK,NY,0.2418945391773099,29,15.22
1,2004,NEW YORK,NY,0.18444051273141965,38,19.95
2,2008,NEW YORK,NY,0.2883972442958247,25,13.12
3,2012,NEW YORK,NY,0.2951938684664309,24,12.60
4,2016,NEW YORK,NY,0.23745540294106035,30,15.75
5,2020,NEW YORK,NY,0.22930590695743983,31,16.27
6,2024,NEW YORK,NY,0.11799999999999997,60,31.50
