,year,state,state_po,margin,num_ballots,procedural_cost
0,2000,LOUISIANA,LA,0.07675730719913731,92,48.3
1,2004,LOUISIANA,LA,0.14506156637877707,49,25.72
2,2008,LOUISIANA,LA,0.18629807508411275,38,19.95
3,2012,LOUISIANA,LA,0.17207112105172098,41,21.52
4,2016,LOUISIANA,LA,0.19639118555054824,36,18.9
5,2020,LOUISIANA,LA,0.18609425612482322,38,19.95
6,2024,LOUISIANA,LA,0.22,32,16.8
