,year,state,state_abbr,margin,num_ballots
0,2000,FLORIDA,FL,9.005368004279646e-05,77732
1,2004,FLORIDA,FL,0.050064062046227174,140
2,2008,FLORIDA,FL,0.028179861046886905,249
3,2012,FLORIDA,FL,0.008768873067231646,799
4,2016,FLORIDA,FL,0.011986256107856879,585
5,2020,FLORIDA,FL,0.033583688970617996,209
6,2024,FLORIDA,FL,0.131,54
