,year,state,state_po,margin,num_ballots,procedural_cost
0,2000,ARIZONA,AZ,0.06286553143048114,112,58.8
1,2004,ARIZONA,AZ,0.10472601157218205,67,35.17
2,2008,ARIZONA,AZ,0.0851999694786296,83,43.58
3,2012,ARIZONA,AZ,0.09064766224175319,78,40.95
4,2016,ARIZONA,AZ,0.03545594627627843,198,103.95
5,2020,ARIZONA,AZ,0.0030870958390187423,2268,1190.7
6,2024,ARIZONA,AZ,0.055,128,67.2
