,year,state,state_po,margin,num_ballots,procedural_cost
0,2000,RHODE ISLAND,RI,0.2907590097577192,25,17.5
1,2004,RHODE ISLAND,RI,0.20751989092589457,34,23.8
2,2008,RHODE ISLAND,RI,0.2780615813772082,26,18.2
3,2012,RHODE ISLAND,RI,0.27457297292449934,26,18.2
4,2016,RHODE ISLAND,RI,0.15508549070977973,46,32.2
5,2020,RHODE ISLAND,RI,0.20805818294357725,34,23.8
6,2024,RHODE ISLAND,RI,0.13799999999999998,51,35.7
