,year,state,state_abbr,margin,num_ballots
0,2000,OKLAHOMA,OK,0.21880947538908907,32
1,2004,OKLAHOMA,OK,0.3114080332951212,23
2,2008,OKLAHOMA,OK,0.31290162245387004,23
3,2012,OKLAHOMA,OK,0.3354463948603312,21
4,2016,OKLAHOMA,OK,0.3639118453508347,20
5,2020,OKLAHOMA,OK,0.3308709751207632,22
6,2024,OKLAHOMA,OK,0.343,21
