,year,state,state_po,margin,num_ballots,procedural_cost
0,2000,MISSISSIPPI,MS,0.16921414949345392,42,29.4
1,2004,MISSISSIPPI,MS,0.18853261556170076,38,26.6
2,2008,MISSISSIPPI,MS,0.13174634554778988,54,37.8
3,2012,MISSISSIPPI,MS,0.1149648719959178,61,42.7
4,2016,MISSISSIPPI,MS,0.1782624981705154,40,28.0
5,2020,MISSISSIPPI,MS,0.16545348119403938,43,30.1
6,2024,MISSISSIPPI,MS,0.24300000000000005,29,20.3
