,year,state,state_abbr,margin,num_ballots
0,2000,MARYLAND,MD,0.16303527729442646,43
1,2004,MARYLAND,MD,0.1299324983495775,54
2,2008,MARYLAND,MD,0.2544482511753324,28
3,2012,MARYLAND,MD,0.26076458440373107,27
4,2016,MARYLAND,MD,0.26416439506645106,27
5,2020,MARYLAND,MD,0.3321037329232836,22
6,2024,MARYLAND,MD,0.2809999999999999,25
