,year,state,state_abbr,margin,num_ballots,procedural_cost
0,2000,TENNESSEE,TN,0.03864258463014544,182,95.55
1,2004,TENNESSEE,TN,0.14273798382567074,50,26.25
2,2008,TENNESSEE,TN,0.15068416220181255,47,24.67
3,2012,TENNESSEE,TN,0.20402899726142398,35,18.38
4,2016,TENNESSEE,TN,0.2600570089556452,27,14.18
5,2020,TENNESSEE,TN,0.23208859895260117,31,16.27
6,2024,TENNESSEE,TN,0.29700000000000004,24,12.60
