,year,state,state_po,margin,num_ballots,procedural_cost
0,2000,ALASKA,AK,0.3095461549236588,23,12.08
1,2004,ALASKA,AK,0.25548468000435065,28,14.70
2,2008,ALASKA,AK,0.21535145939416978,33,17.32
3,2012,ALASKA,AK,0.1398891828483003,51,26.78
4,2016,ALASKA,AK,0.147306407874253,48,25.20
5,2020,ALASKA,AK,0.10061190999360275,70,36.75
6,2024,ALASKA,AK,0.131,54,28.35
