,year,state,state_abbr,margin,num_ballots
0,2000,WISCONSIN,WI,0.002196561465431287,3187
1,2004,WISCONSIN,WI,0.0037984562598619223,1843
2,2008,WISCONSIN,WI,0.13904124029594253,51
3,2012,WISCONSIN,WI,0.06837815821534828,103
4,2016,WISCONSIN,WI,0.0076434319506745296,916
5,2020,WISCONSIN,WI,0.006270995418189162,1117
6,2024,WISCONSIN,WI,0.008000000000000042,875
