,year,state,state_po,margin,num_ballots,procedural_cost
0,2000,WYOMING,WY,0.4092436109785426,18,9.45
1,2004,WYOMING,WY,0.39716477829583247,18,9.45
2,2008,WYOMING,WY,0.3220428082729184,22,11.55
3,2012,WYOMING,WY,0.4055667907188244,18,9.45
4,2016,WYOMING,WY,0.4576951017821537,16,8.40
5,2020,WYOMING,WY,0.4311192339041231,17,8.92
6,2024,WYOMING,WY,0.46199999999999997,16,8.40
