,year,state,state_abbr,margin,num_ballots
0,2000,INDIANA,IN,0.15634778670687335,45
1,2004,INDIANA,IN,0.20681790371320607,34
2,2008,INDIANA,IN,0.010320044608357379,679
3,2012,INDIANA,IN,0.10198229476166054,69
4,2016,INDIANA,IN,0.19165193761659227,37
5,2020,INDIANA,IN,0.16059480705992976,44
6,2024,INDIANA,IN,0.18899999999999997,38
