,year,state,state_abbr,margin,num_ballots
0,2000,MISSOURI,MO,0.03338542611272041,210
1,2004,MISSOURI,MO,0.07195745422433626,98
2,2008,MISSOURI,MO,0.0013342654617368697,5247
3,2012,MISSOURI,MO,0.09380257590423756,75
4,2016,MISSOURI,MO,0.18637117002924938,38
5,2020,MISSOURI,MO,0.1539087404270113,46
6,2024,MISSOURI,MO,0.184,39
