,year,state,state_po,margin,num_ballots,procedural_cost
0,2000,WEST VIRGINIA,WV,0.06322555560355735,111,77.7
1,2004,WEST VIRGINIA,WV,0.12865576772445328,55,38.5
2,2008,WEST VIRGINIA,WV,0.13120592724658037,54,37.8
3,2012,WEST VIRGINIA,WV,0.2675653826304595,27,18.9
4,2016,WEST VIRGINIA,WV,0.42153646793847843,17,11.9
5,2020,WEST VIRGINIA,WV,0.38935030680096444,18,12.6
6,2024,WEST VIRGINIA,WV,0.419,17,11.9
