,year,state,state_po,margin,num_ballots,procedural_cost
0,2000,INDIANA,IN,0.15634778670687335,45,31.5
1,2004,INDIANA,IN,0.20681790371320607,34,23.8
2,2008,INDIANA,IN,0.010320044608357379,679,475.3
3,2012,INDIANA,IN,0.10198229476166054,69,48.3
4,2016,INDIANA,IN,0.19165193761659227,37,25.9
5,2020,INDIANA,IN,0.16059480705992976,44,30.8
6,2024,INDIANA,IN,0.18899999999999997,38,26.6
