,year,state,state_po,margin,num_ballots,procedural_cost
0,2000,NEW HAMPSHIRE,NH,0.012671306896557783,553,290.32
1,2004,NEW HAMPSHIRE,NH,0.013672678379506021,512,268.8
2,2008,NEW HAMPSHIRE,NH,0.0960546858517237,73,38.32
3,2012,NEW HAMPSHIRE,NH,0.05575887658023101,126,66.15
4,2016,NEW HAMPSHIRE,NH,0.0036759568773713685,1905,1000.12
5,2020,NEW HAMPSHIRE,NH,0.07351565775470055,96,50.4
6,2024,NEW HAMPSHIRE,NH,0.027999999999999973,251,131.77
