,year,state,state_abbr,margin,num_ballots
0,2000,MISSISSIPPI,MS,0.16921414949345392,42
1,2004,MISSISSIPPI,MS,0.18853261556170076,38
2,2008,MISSISSIPPI,MS,0.13174634554778988,54
3,2012,MISSISSIPPI,MS,0.1149648719959178,61
4,2016,MISSISSIPPI,MS,0.1782624981705154,40
5,2020,MISSISSIPPI,MS,0.16545348119403938,43
6,2024,MISSISSIPPI,MS,0.24300000000000005,29
