,year,state,state_abbr,margin,num_ballots
0,2000,TEXAS,TX,0.2131664137653241,33
1,2004,TEXAS,TX,0.22861562306320185,31
2,2008,TEXAS,TX,0.11769239006436781,60
3,2012,TEXAS,TX,0.1578361918429553,45
4,2016,TEXAS,TX,0.08999427598323423,78
5,2020,TEXAS,TX,0.05578593689682137,126
6,2024,TEXAS,TX,0.13899999999999998,51
