,year,state,state_abbr,margin,num_ballots,procedural_cost
0,2000,NEVADA,NV,0.0354382648590641,198,103.95
1,2004,NEVADA,NV,0.025916510263540773,271,142.27
2,2008,NEVADA,NV,0.1249256081533464,57,29.92
3,2012,NEVADA,NV,0.06680933829136936,105,55.12
4,2016,NEVADA,NV,0.02417128360516623,290,152.25
5,2020,NEVADA,NV,0.02390534632724623,293,153.82
6,2024,NEVADA,NV,0.031000000000000014,226,118.65
