,year,state,state_po,margin,num_ballots,procedural_cost
0,2000,NEW JERSEY,NJ,0.1583436505600795,45,23.62
1,2004,NEW JERSEY,NJ,0.06684597325740214,105,55.12
2,2008,NEW JERSEY,NJ,0.1556820329261108,45,23.62
3,2012,NEW JERSEY,NJ,0.17718790083493222,40,21.0
4,2016,NEW JERSEY,NJ,0.14102697799664743,50,26.25
5,2020,NEW JERSEY,NJ,0.15937672895464475,44,23.1
6,2024,NEW JERSEY,NJ,0.05899999999999998,119,62.47
