,year,state,state_po,margin,num_ballots,procedural_cost
0,2000,UTAH,UT,0.4048542076979166,18,12.6
1,2004,UTAH,UT,0.45540306344601034,16,11.2
2,2008,UTAH,UT,0.28178124048426556,25,17.5
3,2012,UTAH,UT,0.4804086727472873,15,10.5
4,2016,UTAH,UT,0.18079547995831408,39,27.3
5,2020,UTAH,UT,0.20483790446613528,35,24.5
6,2024,UTAH,UT,0.21600000000000003,33,23.1
