,year,state,state_po,margin,num_ballots,procedural_cost
0,2000,WISCONSIN,WI,0.002196561465431287,3187,2230.9
1,2004,WISCONSIN,WI,0.0037984562598619223,1843,1290.1
2,2008,WISCONSIN,WI,0.13904124029594253,51,35.7
3,2012,WISCONSIN,WI,0.06837815821534828,103,72.1
4,2016,WISCONSIN,WI,0.0076434319506745296,916,641.2
5,2020,WISCONSIN,WI,0.006270995418189162,1117,781.9
6,2024,WISCONSIN,WI,0.008000000000000042,875,612.5
