,year,state,state_po,margin,num_ballots,procedural_cost
0,2000,FLORIDA,FL,9.005368004279646e-05,77732,54412.4
1,2004,FLORIDA,FL,0.050064062046227174,140,98.0
2,2008,FLORIDA,FL,0.028179861046886905,249,174.3
3,2012,FLORIDA,FL,0.008768873067231646,799,559.3
4,2016,FLORIDA,FL,0.011986256107856879,585,409.5
5,2020,FLORIDA,FL,0.033583688970617996,209,146.3
6,2024,FLORIDA,FL,0.131,54,37.8
