,year,state,state_po,margin,num_ballots,procedural_cost
0,2000,HAWAII,HI,0.18328799215112881,39,27.3
1,2004,HAWAII,HI,0.08744956446541247,81,56.7
2,2008,HAWAII,HI,0.45016708181307885,16,11.2
3,2012,HAWAII,HI,0.4246578476023598,17,11.9
4,2016,HAWAII,HI,0.31541090882503475,23,16.1
5,2020,HAWAII,HI,0.2919466559960261,24,16.8
6,2024,HAWAII,HI,0.231,31,21.7
