,year,state,state_abbr,margin,num_ballots
0,2000,WEST VIRGINIA,WV,0.06322555560355735,111
1,2004,WEST VIRGINIA,WV,0.12865576772445328,55
2,2008,WEST VIRGINIA,WV,0.13120592724658037,54
3,2012,WEST VIRGINIA,WV,0.2675653826304595,27
4,2016,WEST VIRGINIA,WV,0.42153646793847843,17
5,2020,WEST VIRGINIA,WV,0.38935030680096444,18
6,2024,WEST VIRGINIA,WV,0.419,17
