,year,state,state_abbr,margin,num_ballots
0,2000,OREGON,OR,0.004410182861240588,1588
1,2004,OREGON,OR,0.04155746299778634,169
2,2008,OREGON,OR,0.1634782456462844,43
3,2012,OREGON,OR,0.1208945547625568,58
4,2016,OREGON,OR,0.10977816818365332,64
5,2020,OREGON,OR,0.1608607260770553,44
6,2024,OREGON,OR,0.14400000000000004,49
