,year,state,state_po,margin,num_ballots,procedural_cost
0,2000,SOUTH CAROLINA,SC,0.15958861248845654,44,23.1
1,2004,SOUTH CAROLINA,SC,0.1708011374173209,41,21.52
2,2008,SOUTH CAROLINA,SC,0.08977083961271629,78,40.95
3,2012,SOUTH CAROLINA,SC,0.10473097848499938,67,35.17
4,2016,SOUTH CAROLINA,SC,0.14265912896030342,50,26.25
5,2020,SOUTH CAROLINA,SC,0.11676642419382553,60,31.5
6,2024,SOUTH CAROLINA,SC,0.17800000000000005,40,21.0
