,year,state,state_po,margin,num_ballots,procedural_cost
0,2000,ALABAMA,AL,0.1491725240536959,47,32.9
1,2004,ALABAMA,AL,0.25616287435323604,28,19.6
2,2008,ALABAMA,AL,0.21576478734595697,33,23.1
3,2012,ALABAMA,AL,0.22186789231070347,32,22.4
4,2016,ALABAMA,AL,0.27725146606435425,26,18.2
5,2020,ALABAMA,AL,0.2546165295474247,28,19.6
6,2024,ALABAMA,AL,0.30599999999999994,23,16.1
