,year,state,state_abbr,margin,num_ballots
0,2000,PENNSYLVANIA,PA,0.041700383841406626,168
1,2004,PENNSYLVANIA,PA,0.02500142991096421,280
2,2008,PENNSYLVANIA,PA,0.10318475532122943,68
3,2012,PENNSYLVANIA,PA,0.053959916684662594,130
4,2016,PENNSYLVANIA,PA,0.007242696391831641,967
5,2020,PENNSYLVANIA,PA,0.01164883635275664,601
6,2024,PENNSYLVANIA,PA,0.016999999999999956,412
