,year,state,state_abbr,margin,num_ballots,procedural_cost
0,2000,RHODE ISLAND,RI,0.2907590097577192,25,13.12
1,2004,RHODE ISLAND,RI,0.20751989092589457,34,17.85
2,2008,RHODE ISLAND,RI,0.2780615813772082,26,13.65
3,2012,RHODE ISLAND,RI,0.27457297292449934,26,13.65
4,2016,RHODE ISLAND,RI,0.15508549070977973,46,24.15
5,2020,RHODE ISLAND,RI,0.20805818294357725,34,17.85
6,2024,RHODE ISLAND,RI,0.13799999999999998,51,26.78
