,year,state,state_abbr,margin,num_ballots,procedural_cost
0,2000,ILLINOIS,IL,0.1201164123634468,59,30.98
1,2004,ILLINOIS,IL,0.10344533382679329,68,35.70
2,2008,ILLINOIS,IL,0.2513719197786603,28,14.70
3,2012,ILLINOIS,IL,0.1686939409166019,42,22.05
4,2016,ILLINOIS,IL,0.1706361362496803,42,22.05
5,2020,ILLINOIS,IL,0.16988194558502076,42,22.05
6,2024,ILLINOIS,IL,0.11,64,33.60
