,year,state,state_abbr,margin,num_ballots
0,2000,SOUTH CAROLINA,SC,0.15958861248845654,44
1,2004,SOUTH CAROLINA,SC,0.1708011374173209,41
2,2008,SOUTH CAROLINA,SC,0.08977083961271629,78
3,2012,SOUTH CAROLINA,SC,0.10473097848499938,67
4,2016,SOUTH CAROLINA,SC,0.14265912896030342,50
5,2020,SOUTH CAROLINA,SC,0.11676642419382553,60
6,2024,SOUTH CAROLINA,SC,0.17800000000000005,40
